Workbook
Name Slicer_Class: #N/A

Sheet Pivot_Data
A3: Row Labels | B3: Count of Student_ID | D3: Row Labels | E3: Average of Attendance_Percentage | G3: Row Labels | H3: Min of Attendance_Percentage
A4: Class A | B4: 258 | D4: Class A | E4: 0.80406977 | G4: Class A | H4: 0.43 | K4: Action | L4: Attendance_Percentage | M4: Assignment_1 | N4: Assignment_2 | O4: Midterm_Score | P4: Final_Exam_Score | Q4: Final Score
A5: Class B | B5: 230 | D5: Class B | E5: 0.80108696 | G5: Class B | H5: 0.6 | K5: Max | L5: =MAX(Table!D:D) -> 1 | M5: =MAX(Table!E:E) -> 100 | N5: =MAX(Table!F:F) -> 100 | O5: =MAX(Table!G:G) -> 100 | P5: =MAX(Table!H:H) -> 100 | Q5: =MAX(Table!J:J) -> 97.65
A6: Class C | B6: 232 | D6: Class C | E6: 0.80211207 | G6: Class C | H6: 0.21 | K6: Min | L6: =MIN(Table!D:D) -> 0.21 | M6: =MIN(Table!E:E) -> 40 | N6: =MIN(Table!F:F) -> 40 | O6: =MIN(Table!G:G) -> 40 | P6: =MIN(Table!H:H) -> 40 | Q6: =MIN(Table!J:J) -> 39.95
A7: Class D | B7: 280 | D7: Class D | E7: 0.79610714 | G7: Class D | H7: 0.34 | K7: Range | L7: =(L5-L6)*100 -> 79 | M7: =M5-M6 -> 60 | N7: =N5-N6 -> 60 | O7: =O5-O6 -> 60 | P7: =P5-P6 -> 60 | Q7: =Q5-Q6 -> 57.7
A8: Grand Total | B8: 1000 | D8: Grand Total | E8: 0.8007 | G8: Grand Total | H8: 0.21 | K8: Average | L8: =AVERAGE(Table!D:D)*100 -> 80.07 | M8: =AVERAGE(Table!E:E) -> 69.317 | N8: =AVERAGE(Table!F:F) -> 70.53 | O8: =AVERAGE(Table!G:G) -> 70.319 | P8: =AVERAGE(Table!H:H) -> 70.723 | Q8: =AVERAGE(Table!J:J) -> 70.70915
K9: Medain final | L9: =MEDIAN(Table!D:D)*100 -> 81 | M9: =MEDIAN(Table!E:E) -> 69 | N9: =MEDIAN(Table!F:F) -> 70 | O9: =MEDIAN(Table!G:G) -> 71 | P9: =MEDIAN(Table!H:H) -> 71 | Q9: =MEDIAN(Table!J:J) -> 71.5
A11: Count of Grade | B11: Column Labels | G11: Row Labels | H11: Average of Final Score
A12: Row Labels | B12: Class A | C12: Class B | D12: Class C | E12: Class D | F12: Grand Total | G12: Class A | H12: 70.652907
A13: A | B13: 9 | C13: 9 | D13: 11 | E13: 4 | F13: 33 | G13: Class B | H13: 71.491522
A14: B | B14: 42 | C14: 43 | D14: 49 | E14: 55 | F14: 189 | G14: Class C | H14: 71.235776
A15: C | B15: 101 | C15: 77 | D15: 72 | E15: 85 | F15: 335 | G15: Class D | H15: 69.681964
A16: D | B16: 55 | C16: 68 | D16: 60 | E16: 72 | F16: 255 | G16: Grand Total | H16: 70.70915
A17: F | B17: 51 | C17: 33 | D17: 40 | E17: 64 | F17: 188
A18: Grand Total | B18: 258 | C18: 230 | D18: 232 | E18: 280 | F18: 1000

Sheet Dashboard
A1: Student Metrics Dashboard
A5: AVG. FINAL SCORE | E5: AVG. ATTENDANCE | I5: MAX SCORE | N5: MIN SCORE
A7: =AVERAGEIFS(Table!J:J, Table!L:L, 1) -> 70.70915 | E7: =AVERAGEIFS(Table!D:D, Table!L:L, 1) -> 0.8007 | I7: =_xlfn.MAXIFS(Table!J:J, Table!L:L, 1) -> 97.65 | N7: =_xlfn.MINIFS(Table!J:J, Table!L:L, 1) -> 39.95
A17: Top 10 Students | B17: Class | C17: Score | E17: 10 Worst students | F17: Class | G17: score
A19: {=_xlfn.ANCHORARRAY(Helper!K4)} -> Dr. Lisa Stevens | B19: Class D | C19: 97.65 | E19: {=_xlfn.ANCHORARRAY(Helper!O4)} -> Randall Rogers | F19: Class A | G19: 39.95
A20: John Roberts | B20: Class B | C20: 95.5 | E20: Erin Owens | F20: Class A | G20: 42.95
A21: Peter Ferguson | B21: Class C | C21: 95.45 | E21: Nicole Matthews | F21: Class D | G21: 43.45
A22: Elizabeth Lewis | B22: Class A | C22: 95.1 | E22: Samantha Miller | F22: Class D | G22: 44.05
A23: Jose Fuller | B23: Class B | C23: 94.95 | E23: Desiree White | F23: Class B | G23: 44.4
A24: Patrick Davidson Jr. | B24: Class B | C24: 94.5 | E24: Brendan Edwards | F24: Class D | G24: 44.65
A25: Jason Zimmerman | B25: Class D | C25: 94.15 | E25: Austin Cruz | F25: Class A | G25: 44.9
A26: Carly Dodson | B26: Class B | C26: 94.05 | E26: Molly Martinez | F26: Class B | G26: 45.35
A27: Steven Colon | B27: Class C | C27: 93.8 | E27: James Sexton | F27: Class C | G27: 45.85
A28: Margaret Spencer | B28: Class B | C28: 93.75 | E28: Charles Williams | F28: Class D | G28: 46.3

Sheet Helper
A2: All
A3: Class A | C3: 1 | E3: {=INDEX($A$2:$A$6, $C$3)} -> All | K3: Top ten students | O3: Ten worst
A4: Class B | K4: {=INDEX(_xlfn.SORTBY(_xlfn._xlws.FILTER(Table!B:J,Table!L:L=1),_xlfn._xlws.FILTER(Table!J:J,Table!L:L=1),-1,_xlfn._xlws.FILTER(Table!D:D,Table!L:L=1),-1),_xlfn.SEQUENCE(10),{1,2,9})} -> Dr. Lisa Stevens | L4: Class D | M4: 97.65 | O4: {=INDEX(_xlfn.SORTBY(_xlfn._xlws.FILTER(Table!B:J,Table!L:L=1),_xlfn._xlws.FILTER(Table!J:J,Table!L:L=1),1,_xlfn._xlws.FILTER(Table!D:D,Table!L:L=1),-1),_xlfn.SEQUENCE(10),{1,2,9})} -> Randall Rogers | P4: Class A | Q4: 39.95
A5: Class C | K5: John Roberts | L5: Class B | M5: 95.5 | O5: Erin Owens | P5: Class A | Q5: 42.95
A6: Class D | K6: Peter Ferguson | L6: Class C | M6: 95.45 | O6: Nicole Matthews | P6: Class D | Q6: 43.45
K7: Elizabeth Lewis | L7: Class A | M7: 95.1 | O7: Samantha Miller | P7: Class D | Q7: 44.05
K8: Jose Fuller | L8: Class B | M8: 94.95 | O8: Desiree White | P8: Class B | Q8: 44.4
K9: Patrick Davidson Jr. | L9: Class B | M9: 94.5 | O9: Brendan Edwards | P9: Class D | Q9: 44.65
K10: Jason Zimmerman | L10: Class D | M10: 94.15 | O10: Austin Cruz | P10: Class A | Q10: 44.9
K11: Carly Dodson | L11: Class B | M11: 94.05 | O11: Molly Martinez | P11: Class B | Q11: 45.35
K12: Steven Colon | L12: Class C | M12: 93.8 | O12: James Sexton | P12: Class C | Q12: 45.85
K13: Margaret Spencer | L13: Class B | M13: 93.75 | O13: Charles Williams | P13: Class D | Q13: 46.3

Sheet Table
A1: Student_ID | B1: Name | C1: Class | D1: Attendance_Percentage | E1: Assignment_1 | F1: Assignment_2 | G1: Midterm_Score | H1: Final_Exam_Score | I1: Extreme_change _final | J1: Final Score | K1: Grade | L1: ShowRow
A2: S0001 | B2: Philip Cox | C2: Class C | D2: 0.76 | E2: 90 | F2: 96 | G2: 100 | H2: 74 | I2: =IF(H2>G2*1.15,H2-G2,IF(H2<G2*0.65,H2-G2,"")) | J2: =IF(ISBLANK(D2),"",IF(D2>0.7,10,0)+(E2/100*5)+(F2/100*5)+(G2/100*40)+(H2/100*40)) -> 88.9 | K2: =IF(J2>=90,"A",IF(J2>=80,"B",IF(J2>=70,"C",IF(J2>=60,"D","F")))) -> B | L2: =IF(Helper!$E$3="All",1,IF(C2=Helper!$E$3,1,0)) -> 1
A3: S0002 | B3: Stephanie Clayton | C3: Class D | D3: 0.68 | E3: 63 | F3: 62 | G3: 87 | H3: 88 | I3: =IF(H3>G3*1.15,H3-G3,IF(H3<G3*0.65,H3-G3,"")) | J3: =IF(ISBLANK(D3),"",IF(D3>0.7,10,0)+(E3/100*5)+(F3/100*5)+(G3/100*40)+(H3/100*40)) -> 76.25 | K3: =IF(J3>=90,"A",IF(J3>=80,"B",IF(J3>=70,"C",IF(J3>=60,"D","F")))) -> C | L3: =IF(Helper!$E$3="All",1,IF(C3=Helper!$E$3,1,0)) -> 1
A4: S0003 | B4: Daniel Anderson | C4: Class A | D4: 0.92 | E4: 80 | F4: 82 | G4: 72 | H4: 78 | I4: =IF(H4>G4*1.15,H4-G4,IF(H4<G4*0.65,H4-G4,"")) | J4: =IF(ISBLANK(D4),"",IF(D4>0.7,10,0)+(E4/100*5)+(F4/100*5)+(G4/100*40)+(H4/100*40)) -> 78.1 | K4: =IF(J4>=90,"A",IF(J4>=80,"B",IF(J4>=70,"C",IF(J4>=60,"D","F")))) -> C | L4: =IF(Helper!$E$3="All",1,IF(C4=Helper!$E$3,1,0)) -> 1
A5: S0004 | B5: Mark Floyd | C5: Class C | D5: 0.79 | E5: 56 | F5: 40 | G5: 84 | H5: 66 | I5: =IF(H5>G5*1.15,H5-G5,IF(H5<G5*0.65,H5-G5,"")) | J5: =IF(ISBLANK(D5),"",IF(D5>0.7,10,0)+(E5/100*5)+(F5/100*5)+(G5/100*40)+(H5/100*40)) -> 74.8 | K5: =IF(J5>=90,"A",IF(J5>=80,"B",IF(J5>=70,"C",IF(J5>=60,"D","F")))) -> C | L5: =IF(Helper!$E$3="All",1,IF(C5=Helper!$E$3,1,0)) -> 1
A6: S0005 | B6: Hannah Kelly | C6: Class C | D6: 0.72 | E6: 51 | F6: 84 | G6: 65 | H6: 65 | I6: =IF(H6>G6*1.15,H6-G6,IF(H6<G6*0.65,H6-G6,"")) | J6: =IF(ISBLANK(D6),"",IF(D6>0.7,10,0)+(E6/100*5)+(F6/100*5)+(G6/100*40)+(H6/100*40)) -> 68.75 | K6: =IF(J6>=90,"A",IF(J6>=80,"B",IF(J6>=70,"C",IF(J6>=60,"D","F")))) -> D | L6: =IF(Helper!$E$3="All",1,IF(C6=Helper!$E$3,1,0)) -> 1
A7: S0006 | B7: Alexis Zamora | C7: Class D | D7: 0.87 | E7: 96 | F7: 90 | G7: 78 | H7: 53 | I7: =IF(H7>G7*1.15,H7-G7,IF(H7<G7*0.65,H7-G7,"")) | J7: =IF(ISBLANK(D7),"",IF(D7>0.7,10,0)+(E7/100*5)+(F7/100*5)+(G7/100*40)+(H7/100*40)) -> 71.7 | K7: =IF(J7>=90,"A",IF(J7>=80,"B",IF(J7>=70,"C",IF(J7>=60,"D","F")))) -> C | L7: =IF(Helper!$E$3="All",1,IF(C7=Helper!$E$3,1,0)) -> 1
A8: S0007 | B8: Emily Baldwin | C8: Class A | D8: 0.88 | E8: 85 | F8: 63 | G8: 67 | H8: 56 | I8: =IF(H8>G8*1.15,H8-G8,IF(H8<G8*0.65,H8-G8,"")) | J8: =IF(ISBLANK(D8),"",IF(D8>0.7,10,0)+(E8/100*5)+(F8/100*5)+(G8/100*40)+(H8/100*40)) -> 66.6 | K8: =IF(J8>=90,"A",IF(J8>=80,"B",IF(J8>=70,"C",IF(J8>=60,"D","F")))) -> D | L8: =IF(Helper!$E$3="All",1,IF(C8=Helper!$E$3,1,0)) -> 1
A9: S0008 | B9: Jennifer Wiggins | C9: Class A | D9: 0.72 | E9: 71 | F9: 74 | G9: 97 | H9: 57 | I9: =IF(H9>G9*1.15,H9-G9,IF(H9<G9*0.65,H9-G9,"")) -> -40 | J9: =IF(ISBLANK(D9),"",IF(D9>0.7,10,0)+(E9/100*5)+(F9/100*5)+(G9/100*40)+(H9/100*40)) -> 78.85 | K9: =IF(J9>=90,"A",IF(J9>=80,"B",IF(J9>=70,"C",IF(J9>=60,"D","F")))) -> C | L9: =IF(Helper!$E$3="All",1,IF(C9=Helper!$E$3,1,0)) -> 1
A10: S0009 | B10: Tiffany Briggs | C10: Class C | D10: 0.94 | E10: 54 | F10: 63 | G10: 44 | H10: 84 | I10: =IF(H10>G10*1.15,H10-G10,IF(H10<G10*0.65,H10-G10,"")) -> 40 | J10: =IF(ISBLANK(D10),"",IF(D10>0.7,10,0)+(E10/100*5)+(F10/100*5)+(G10/100*40)+(H10/100*40)) -> 67.05 | K10: =IF(J10>=90,"A",IF(J10>=80,"B",IF(J10>=70,"C",IF(J10>=60,"D","F")))) -> D | L10: =IF(Helper!$E$3="All",1,IF(C10=Helper!$E$3,1,0)) -> 1
A11: S0010 | B11: Sara Stokes DVM | C11: Class B | D11: 0.65 | E11: 55 | F11: 56 | G11: 47 | H11: 91 | I11: =IF(H11>G11*1.15,H11-G11,IF(H11<G11*0.65,H11-G11,"")) -> 44 | J11: =IF(ISBLANK(D11),"",IF(D11>0.7,10,0)+(E11/100*5)+(F11/100*5)+(G11/100*40)+(H11/100*40)) -> 60.75 | K11: =IF(J11>=90,"A",IF(J11>=80,"B",IF(J11>=70,"C",IF(J11>=60,"D","F")))) -> D | L11: =IF(Helper!$E$3="All",1,IF(C11=Helper!$E$3,1,0)) -> 1
A12: S0011 | B12: Timothy Massey | C12: Class C | D12: 0.77 | E12: 93 | F12: 44 | G12: 64 | H12: 68 | I12: =IF(H12>G12*1.15,H12-G12,IF(H12<G12*0.65,H12-G12,"")) | J12: =IF(ISBLANK(D12),"",IF(D12>0.7,10,0)+(E12/100*5)+(F12/100*5)+(G12/100*40)+(H12/100*40)) -> 69.65 | K12: =IF(J12>=90,"A",IF(J12>=80,"B",IF(J12>=70,"C",IF(J12>=60,"D","F")))) -> D | L12: =IF(Helper!$E$3="All",1,IF(C12=Helper!$E$3,1,0)) -> 1
A13: S0012 | B13: Cynthia Watts | C13: Class C | D13: 0.64 | E13: 61 | F13: 59 | G13: 66 | H13: 59 | I13: =IF(H13>G13*1.15,H13-G13,IF(H13<G13*0.65,H13-G13,"")) | J13: =IF(ISBLANK(D13),"",IF(D13>0.7,10,0)+(E13/100*5)+(F13/100*5)+(G13/100*40)+(H13/100*40)) -> 56 | K13: =IF(J13>=90,"A",IF(J13>=80,"B",IF(J13>=70,"C",IF(J13>=60,"D","F")))) -> F | L13: =IF(Helper!$E$3="All",1,IF(C13=Helper!$E$3,1,0)) -> 1
... A1001: S1000 | B1001: Kyle Boyd | C1001: Class C | D1001: 0.21 | E1001: 47 | F1001: 51 | G1001: 74 | H1001: 52 | I1001: =IF(H1001>G1001*1.15,H1001-G1001,IF(H1001<G1001*0.65,H1001-G1001,"")) | J1001: =IF(ISBLANK(D1001),"",IF(D1001>0.7,10,0)+(E1001/100*5)+(F1001/100*5)+(G1001/100*40)+(H1001/100*40)) -> 55.3 | K1001: =IF(J1001>=90,"A",IF(J1001>=80,"B",IF(J1001>=70,"C",IF(J1001>=60,"D","F")))) -> F | L1001: =IF(Helper!$E$3="All",1,IF(C1001=Helper!$E$3,1,0)) -> 1
